CustomerID,Gender,Age,Annual Income ($),Spending Score (1-100),Profession,Work Experience,Family Size,Cluster
1,1,19,15000,39,5,1,4,1
2,1,21,35000,81,2,3,3,1
3,0,20,86000,6,2,1,1,3
4,0,23,59000,77,7,0,2,1
5,0,31,38000,40,3,2,6,1
6,0,22,58000,76,0,0,2,1
7,0,35,31000,6,5,1,3,1
8,0,23,84000,94,5,1,3,3
9,1,64,97000,3,2,0,3,3
10,0,30,98000,72,0,1,4,3
11,1,67,7000,14,2,1,3,1
12,0,35,93000,99,5,4,4,3
13,0,58,80000,15,4,0,5,3
14,0,24,91000,77,7,1,1,3
15,1,37,19000,13,1,0,1,1
16,1,22,51000,79,5,1,2,1
17,0,35,29000,35,6,9,5,1
18,1,20,89000,66,5,1,6,3
19,1,52,20000,29,3,1,4,1
20,0,35,62000,98,0,0,1,3
21,1,35,96000,35,6,12,1,3
22,1,25,4000,73,5,3,4,1
23,0,46,42000,5,0,13,2,1
24,1,31,71000,73,0,5,2,3
25,0,54,67000,14,4,1,3,3
26,1,29,52000,82,0,1,3,1
27,0,45,68000,32,5,9,8,3
28,1,35,78000,61,0,1,3,3
29,0,40,18000,31,0,0,1,1
30,0,23,20000,87,0,5,4,1
31,1,60,39000,4,0,0,3,1
32,0,21,34000,73,1,1,2,1
33,1,53,59000,4,5,1,3,1
34,1,18,62000,92,6,9,7,3
35,0,49,91000,14,7,1,2,3
36,0,21,95000,81,5,3,4,3
37,0,42,14000,17,1,5,1,1
38,0,30,62000,73,5,1,5,3
39,0,36,9000,26,0,8,2,1
40,0,20,69000,75,0,8,2,3
41,0,65,25000,35,0,4,1,1
42,1,24,85000,92,5,0,2,3
43,1,48,22000,36,0,14,3,1
44,0,31,33000,61,0,1,2,1
45,0,49,72000,28,2,8,1,3
46,0,24,3000,65,7,4,2,1
47,0,50,52000,55,0,0,4,1
48,0,27,71000,47,5,12,1,3
49,0,29,78000,42,5,0,4,3
50,0,31,25000,42,2,1,1,1
51,0,49,88000,52,0,1,2,3
52,1,33,97000,60,0,1,2,3
53,0,31,74000,54,0,1,1,3
54,1,59,68000,60,3,0,2,3
55,0,50,18000,45,8,1,1,1
56,1,47,95000,41,0,14,2,3
57,0,51,71000,50,5,9,4,3
58,1,69,8000,46,1,8,2,1
59,0,27,57000,51,0,1,3,1
60,1,53,89000,46,7,1,6,3
61,1,70,84000,56,0,0,2,3
62,1,19,50000,55,0,9,2,1
63,0,67,50000,52,7,0,3,1
64,0,54,48000,59,7,1,2,1
65,1,63,63000,51,7,7,2,3
66,1,18,9000,59,3,0,2,1
67,0,43,3000,50,1,0,2,1
68,0,68,82000,48,0,8,4,3
69,1,19,81000,59,0,0,4,3
70,0,32,97000,47,6,2,2,3
71,1,70,91000,55,5,8,2,3
72,0,47,9000,42,3,8,2,1
73,0,60,44000,49,0,0,5,1
74,0,60,10000,56,5,8,4,1
75,1,59,89000,47,0,0,4,3
76,1,26,49000,54,6,0,3,1
77,0,45,67000,53,1,0,2,3
78,1,40,99000,48,0,4,3,3
79,0,23,97000,52,2,2,2,3
80,0,49,98000,42,6,1,1,3
81,1,57,52000,51,5,0,4,1
82,1,38,61000,55,5,6,3,1
83,1,67,120000,41,0,8,1,2
84,0,46,34000,44,3,8,4,1
85,0,21,24000,57,8,1,3,1
86,1,48,31000,46,5,7,5,1
87,0,55,11000,58,0,0,3,1
88,0,22,55000,55,0,5,2,1
89,0,34,76000,60,3,7,3,3
90,0,50,56000,46,1,0,2,1
91,0,68,46000,55,3,0,3,1
92,1,18,36000,41,0,1,4,1
93,1,48,88000,49,0,1,2,3
94,0,40,31000,40,3,1,2,1
95,0,32,24000,42,0,0,1,1
96,1,24,80000,52,0,10,1,3
97,0,47,2000,47,0,0,1,1
98,0,27,67000,50,0,0,2,3
99,1,48,58000,42,1,1,2,1
100,1,20,80000,49,2,3,3,3
101,0,23,65000,41,0,0,4,3
102,0,49,4000,48,4,1,7,1
103,1,67,98000,59,0,0,3,3
104,1,26,52000,55,4,0,5,1
105,1,49,86000,56,5,10,2,3
106,0,21,82000,42,1,1,2,3
107,0,66,43000,50,6,3,2,1
108,1,54,78000,46,7,1,1,3
109,1,68,13000,43,5,6,5,1
110,1,66,13000,48,5,9,3,1
111,1,65,34000,52,3,4,4,1
112,0,19,25000,54,0,0,1,1
113,0,38,71000,42,1,1,5,3
114,1,19,2000,46,0,1,1,1
115,0,18,97000,48,4,0,3,3
116,0,19,51000,50,4,8,4,1
117,0,63,9000,43,7,1,1,1
118,0,49,79000,59,0,0,2,3
119,0,51,84000,43,6,2,7,3
120,0,50,87000,57,0,1,2,3
121,1,27,36000,56,4,0,3,1
122,0,38,50000,40,4,1,4,1
123,0,40,97000,58,2,9,4,3
124,1,39,6000,91,5,1,3,1
125,0,23,12000,29,3,9,2,1
126,0,31,46000,77,8,1,2,1
127,1,43,89000,35,2,0,7,3
128,1,40,4000,95,0,0,2,1
129,1,59,38000,11,2,0,2,1
130,1,38,64000,75,3,8,5,3
131,1,47,66000,9,4,9,5,3
132,1,39,26000,75,7,0,2,1
133,0,25,41000,34,5,6,4,1
134,0,31,45000,71,0,5,1,1
135,1,20,89000,5,2,1,2,3
136,0,29,92000,88,4,5,5,3
137,0,44,76000,7,0,5,2,3
138,1,32,85000,73,0,3,4,3
139,1,19,22000,10,8,8,4,1
140,0,35,15000,72,0,4,4,1
141,0,57,32000,5,2,0,2,1
142,1,32,66000,93,0,0,5,3
143,0,28,62000,40,1,5,3,3
144,0,32,85000,87,7,1,2,3
145,1,25,71000,12,2,0,5,3
146,1,28,26000,97,8,8,5,1
147,1,48,52000,36,2,9,2,1
148,0,32,38000,74,7,1,1,1
149,0,34,51000,22,5,7,4,1
150,1,34,90000,90,0,6,3,3
151,1,43,30000,17,7,0,9,1
152,1,39,41000,88,2,0,1,1
153,0,44,17000,20,2,0,2,1
154,0,38,92000,76,0,2,2,3
155,0,47,80000,16,5,0,4,3
156,0,27,10000,89,8,8,4,1
157,1,37,16000,1,4,1,1,1
158,0,30,87000,78,0,3,4,3
159,1,34,66000,1,7,1,2,3
160,0,30,86000,73,0,3,3,3
161,0,56,9000,35,0,1,1,1
162,0,29,50000,83,5,1,5,1
163,1,19,35000,5,4,0,5,1
164,0,31,58000,93,5,1,5,1
165,1,50,47000,26,1,0,2,1
166,0,36,54000,75,0,5,3,1
167,1,42,79000,20,6,9,3,3
168,0,33,83000,95,0,0,5,3
169,0,36,57000,27,0,0,3,1
170,1,32,0,63,0,2,2,1
171,1,40,69000,13,0,3,5,3
172,1,28,4000,75,4,0,2,1
173,1,36,79000,10,7,0,2,3
174,1,36,99000,92,0,5,2,3
175,0,52,20000,13,7,0,2,1
176,0,30,28000,86,0,3,4,1
177,1,58,29000,15,2,11,1,1
178,1,27,45000,69,5,2,6,1
179,1,59,86000,14,5,4,3,3
180,1,35,42000,90,2,8,1,1
181,0,37,59000,32,0,7,2,1
182,0,32,61000,86,3,7,5,1
183,1,46,11000,15,0,7,1,1
184,0,29,66000,88,0,4,4,3
185,0,41,39000,39,0,1,1,1
186,1,30,72000,97,0,6,2,3
187,0,54,14000,24,7,1,2,1
188,1,28,44000,68,1,5,3,1
189,0,41,76000,17,2,8,2,3
190,0,36,95000,85,0,4,2,3
191,0,34,92000,23,0,5,3,3
192,0,32,98000,69,0,8,2,3
193,1,33,96000,8,4,9,2,3
194,0,38,45000,91,0,10,4,1
195,0,47,8000,16,0,7,2,1
196,0,35,46000,79,4,1,3,1
197,0,45,78000,28,0,0,2,3
198,1,32,4000,74,0,1,5,1
199,1,32,81000,18,4,1,2,3
200,1,30,33000,83,0,4,2,1
201,0,21,40000,10,5,0,3,1
202,1,34,85000,16,5,9,3,3
203,0,16,60000,0,2,6,8,1
204,0,76,60000,39,5,4,2,1
205,0,62,63000,59,3,0,2,3
206,0,63,10000,52,5,8,3,1
207,0,19,55000,61,5,0,3,1
208,1,46,93000,12,0,2,1,3
209,0,48,15000,7,1,0,2,1
210,0,80,39000,33,2,9,4,1
211,0,1,57000,93,2,1,2,1
212,0,0,22000,92,0,2,1,1
213,1,86,12000,70,8,2,4,1
214,1,49,50000,82,7,8,1,1
215,1,48,95000,68,1,2,4,3
216,0,46,66000,70,5,3,3,3
217,1,79,20000,40,1,6,2,1
218,0,83,35000,99,1,8,2,1
219,0,66,71000,34,4,9,2,3
220,0,59,76000,61,6,9,1,3
221,0,39,84000,33,0,5,3,3
222,0,95,72000,51,2,4,2,3
223,1,43,33000,55,0,4,3,1
224,0,93,93000,37,5,1,5,3
225,0,40,83000,48,6,4,1,3
226,0,78,23000,8,2,1,1,1
227,0,25,40000,77,0,5,4,1
228,1,76,89000,86,5,9,4,3
229,1,0,33000,64,8,1,1,1
230,1,15,94000,30,5,7,2,3
231,0,6,93000,53,7,8,2,3
232,1,84,7000,28,5,0,4,1
233,0,67,18000,88,7,0,2,1
234,0,78,3000,14,5,0,4,1
235,0,4,84000,54,0,9,1,3
236,0,29,62000,34,5,0,4,3
237,1,91,9000,96,5,1,5,1
238,1,95,36000,35,6,0,4,1
239,1,55,37000,74,7,1,4,1
240,0,14,50000,11,0,1,2,1
241,1,92,83000,16,4,1,5,3
242,0,65,79000,17,0,0,3,3
243,0,84,40000,14,5,1,4,1
244,0,77,47000,58,0,0,6,1
245,0,53,4000,20,0,0,4,1
246,0,28,38000,75,3,7,2,1
247,1,23,0,96,1,1,3,1
248,0,32,7000,16,0,1,2,1
249,0,37,41000,2,0,1,2,1
250,0,89,65000,0,2,0,5,3
251,1,80,20000,93,2,1,3,1
252,0,27,44000,65,1,8,1,1
253,0,78,3000,14,0,5,4,1
254,0,86,72000,13,7,7,3,3
255,0,46,27000,32,2,4,4,1
256,1,59,85000,49,7,4,2,3
257,1,12,38000,18,4,10,1,1
258,1,79,73000,96,6,6,7,3
259,0,79,64000,64,0,2,3,3
260,1,26,26000,60,4,6,4,1
261,0,63,47000,16,0,2,3,1
262,0,52,35000,85,1,2,6,1
263,0,32,31000,24,7,2,3,1
264,0,64,13000,38,2,3,4,1
265,0,37,79000,10,6,1,7,3
266,1,7,82000,39,3,2,2,3
267,0,40,28000,68,0,1,1,1
268,0,78,36000,79,0,0,3,1
269,0,34,8000,76,3,6,6,1
270,0,52,88000,39,0,1,2,3
271,1,94,91000,36,3,0,4,3
272,0,1,12000,82,1,0,3,1
273,0,96,1000,76,3,0,3,1
274,0,18,143000,99,0,0,2,2
275,0,37,18000,57,0,1,2,1
276,1,78,65000,89,7,1,2,3
277,1,16,9000,88,4,7,4,1
278,1,93,95000,21,0,1,1,3
279,0,74,78000,12,2,9,3,3
280,1,68,48000,73,5,3,3,1
281,0,32,63000,87,4,1,4,3
282,0,43,85000,63,8,1,2,3
283,0,52,43000,58,0,1,3,1
284,0,63,74000,20,0,1,2,3
285,0,33,67000,11,5,0,1,3
286,1,86,59000,40,0,0,1,1
287,0,85,140000,84,3,1,1,2
288,0,73,31000,47,5,1,2,1
289,0,21,5000,91,8,0,1,1
290,0,93,19000,58,2,1,3,1
291,1,9,27000,62,3,7,1,1
292,0,10,68000,80,1,6,3,3
293,1,11,38000,66,0,8,8,1
294,0,48,50000,36,2,6,4,1
295,0,73,80000,73,3,2,2,3
296,0,66,69000,43,4,9,3,3
297,0,79,31000,91,2,3,3,1
298,1,62,87000,41,1,6,2,3
299,1,17,79000,16,0,1,3,3
300,1,32,32000,86,3,5,2,1
301,1,85,153787,100,3,3,3,0
302,1,31,95851,16,5,5,2,3
303,0,31,145015,73,5,6,3,2
304,0,38,148539,7,5,5,2,0
305,0,90,117319,21,7,1,2,2
306,0,65,180243,26,8,6,2,0
307,0,63,165052,12,0,4,2,0
308,0,61,120487,14,1,0,2,2
309,1,26,112766,83,2,8,4,2
310,0,17,156488,65,2,1,4,0
311,1,56,97562,15,4,5,6,3
312,0,12,77501,30,2,5,4,3
313,0,24,118302,100,7,5,1,2
314,0,13,64277,9,4,9,4,3
315,1,12,53927,77,1,2,3,1
316,1,72,93921,93,7,9,2,3
317,0,54,132046,8,6,4,4,2
318,1,45,183217,91,0,7,2,0
319,1,66,182937,44,8,8,1,0
320,0,27,68272,56,5,8,4,3
321,1,36,69841,21,2,10,2,3
322,1,5,69078,60,7,13,1,3
323,0,89,110667,100,5,2,4,2
324,1,13,95469,94,1,6,1,3
325,0,91,102861,40,0,4,1,3
326,1,16,133551,7,0,3,1,2
327,0,63,64589,90,2,7,1,3
328,1,52,152755,39,2,4,2,0
329,0,37,92313,58,5,1,5,3
330,0,78,98922,2,0,2,3,3
331,1,24,165846,33,2,0,4,0
332,0,4,93713,62,2,3,4,3
333,1,84,137641,67,5,0,5,2
334,1,0,173743,96,0,0,4,0
335,0,67,116126,58,3,10,2,2
336,0,32,112246,30,5,8,3,2
337,0,39,69384,75,5,1,5,3
338,0,68,76529,62,5,0,2,3
339,0,7,123804,28,1,14,1,2
340,0,76,68292,55,0,8,2,3
341,0,84,173185,99,0,3,1,0
342,1,75,142034,82,3,1,4,2
343,1,22,107941,61,0,0,1,2
344,0,90,149840,61,2,1,1,0
345,0,4,148431,99,5,1,8,0
346,0,78,126599,84,7,0,3,2
347,0,58,57180,22,5,9,1,1
348,0,99,184426,41,0,9,1,0
349,0,24,151085,39,8,2,5,0
350,0,88,166107,98,0,13,4,0
351,0,92,67850,91,0,9,4,3
352,1,99,173394,4,2,13,1,0
353,0,51,72303,98,7,7,1,3
354,1,23,181760,35,5,14,3,0
355,0,13,146858,75,1,9,1,2
356,1,22,172923,20,2,6,1,0
357,0,89,115811,87,6,11,4,2
358,1,20,184324,51,8,13,5,0
359,0,72,67353,19,7,9,3,3
360,1,17,165999,71,5,9,3,0
361,1,90,164914,18,0,8,3,0
362,1,99,63364,61,3,1,2,3
363,0,39,182352,73,2,4,3,0
364,0,37,148544,56,3,1,2,0
365,1,46,62833,85,0,1,2,3
366,1,65,120627,72,5,0,2,2
367,0,60,130898,30,0,1,1,2
368,0,93,103130,74,4,12,3,3
369,1,72,106681,15,5,9,5,2
370,0,36,87353,25,3,1,5,3
371,1,52,88046,61,0,8,1,3
372,0,72,98168,49,3,1,2,3
373,0,28,178265,5,7,2,1,0
374,0,48,167232,92,1,6,4,0
375,1,85,140478,43,1,6,4,2
376,1,22,159296,83,0,8,1,0
377,0,30,144043,78,1,1,1,2
378,1,46,72594,64,0,1,2,3
379,0,82,180288,77,0,2,2,0
380,0,73,165734,51,3,0,1,0
381,1,8,175407,2,0,5,1,0
382,1,90,70201,8,2,0,2,3
383,1,34,91503,26,0,0,6,3
384,0,10,184522,43,0,0,2,0
385,0,79,143560,83,0,1,3,2
386,1,83,131574,97,0,1,2,2
387,0,20,151124,18,0,15,3,0
388,0,25,67447,5,0,15,2,3
389,0,26,117454,8,5,16,2,2
390,0,18,86203,23,1,13,1,3
391,0,7,136231,10,0,7,1,2
392,1,1,89144,1,1,12,2,3
393,1,21,119116,30,0,17,4,2
394,0,86,163463,31,0,9,4,0
395,0,75,151696,82,0,15,1,0
396,1,78,184736,52,7,13,1,0
397,0,87,70419,69,6,6,4,3
398,0,8,119104,41,3,14,3,2
399,1,59,130950,28,4,5,3,2
400,1,13,140950,77,0,15,2,2
401,0,55,82285,35,2,16,1,3
402,0,50,91389,92,5,11,7,3
403,1,54,186359,95,1,13,2,0
404,1,13,178989,46,1,14,3,0
405,1,79,166335,45,2,5,5,0
406,0,65,119889,11,0,17,6,2
407,0,51,66852,73,4,15,3,3
408,1,18,103896,36,4,16,4,3
409,1,21,187761,87,5,2,3,0
410,1,37,102717,93,5,7,4,3
411,1,83,102647,83,3,0,2,3
412,0,96,113585,31,7,0,4,2
413,0,65,86509,88,0,0,4,3
414,1,80,59099,44,8,1,7,1
415,0,75,135088,5,7,1,5,2
416,0,87,110870,78,2,1,4,2
417,0,86,187667,12,0,0,1,0
418,0,36,124614,25,0,8,5,2
419,0,78,166492,40,6,9,7,0
420,0,62,172758,69,3,1,2,0
421,1,89,122430,19,5,1,1,2
422,0,56,183540,96,3,0,6,0
423,0,35,96484,34,0,5,4,3
424,1,33,112587,71,0,1,4,2
425,0,58,155672,71,3,7,7,0
426,0,68,72847,93,0,1,2,3
427,1,38,71897,32,3,2,3,3
428,1,31,158479,57,1,1,5,0
429,1,90,89251,4,3,1,1,3
430,1,28,179911,24,2,1,1,0
431,1,1,111558,85,5,7,4,2
432,1,78,127615,78,4,10,7,2
433,0,23,50076,32,0,3,5,1
434,0,25,77779,62,0,4,1,3
435,1,59,169999,38,2,5,5,0
436,0,7,106581,76,1,1,7,2
437,0,24,78223,41,7,0,1,3
438,1,76,136259,14,6,0,7,2
439,1,37,153399,93,3,1,6,0
440,0,6,162858,91,0,0,1,0
441,0,0,57373,29,6,0,7,1
442,1,3,133602,47,0,1,1,2
443,0,95,66322,88,0,0,3,3
444,0,0,68761,16,7,1,4,3
445,1,7,70749,86,0,13,3,3
446,1,54,65874,87,0,7,6,3
447,1,89,115996,24,2,15,1,2
448,0,58,67097,91,2,6,1,3
449,0,12,108027,64,0,13,5,2
450,1,7,176349,80,5,8,2,0
451,1,11,88452,40,5,8,6,3
452,1,74,128266,55,2,7,4,2
453,0,64,156777,20,5,7,2,0
454,0,48,123234,50,7,10,7,2
455,0,8,60790,38,0,1,5,1
456,0,15,181332,99,0,14,6,0
457,1,1,187297,7,0,0,1,0
458,0,21,153885,86,0,6,6,0
459,1,84,53500,44,8,3,4,1
460,0,5,69443,28,1,4,6,3
461,0,47,124072,56,7,0,7,2
462,0,96,135800,29,5,0,7,2
463,1,93,120597,96,0,2,4,2
464,0,16,91358,11,3,1,4,3
465,1,56,53231,41,8,0,5,1
466,0,76,156330,31,2,1,2,0
467,1,0,186002,80,1,15,2,0
468,0,70,111760,53,4,12,5,2
469,0,47,143906,12,0,4,3,2
470,1,13,182410,22,5,11,4,0
471,1,86,98463,46,6,10,5,3
472,1,91,93762,28,0,15,7,3
473,1,97,104582,50,5,8,2,2
474,1,20,130813,92,0,17,5,2
475,0,11,59202,92,5,5,4,1
476,0,28,79968,45,7,9,2,3
477,1,32,104824,42,0,0,7,2
478,1,82,188719,30,7,0,6,0
479,1,39,187536,66,5,3,6,0
480,1,7,134008,85,3,2,1,2
481,0,13,176397,71,0,6,3,0
482,0,34,154888,43,5,9,6,0
483,1,76,155622,81,5,0,2,0
484,0,30,62330,60,5,1,1,3
485,0,69,112838,34,5,1,7,2
486,1,22,58283,59,6,2,4,1
487,0,60,77857,81,0,1,6,3
488,1,66,125024,25,0,0,1,2
489,0,57,136242,34,0,9,1,2
490,0,60,81934,81,5,1,4,3
491,0,59,130511,97,0,3,4,2
492,0,54,144502,88,7,3,1,2
493,1,90,63769,6,0,4,2,3
494,0,14,66760,20,0,0,4,3
495,0,34,135115,54,3,1,7,2
496,0,85,179877,17,5,12,4,0
497,0,83,93351,65,1,1,1,3
498,1,12,84547,96,6,3,3,3
499,1,95,121725,3,6,12,3,2
500,1,41,65723,91,0,6,7,3
501,0,38,96794,96,5,6,3,3
502,1,68,72352,61,5,8,5,3
503,0,4,53097,21,5,0,7,1
504,0,5,144831,17,0,1,3,2
505,0,3,183851,10,1,1,2,0
506,0,20,111896,90,4,1,3,2
507,0,3,64824,30,4,1,1,3
508,1,36,88565,16,5,1,5,3
509,0,70,104974,63,0,1,1,2
510,0,17,167060,47,0,1,5,0
511,0,31,69018,17,0,6,1,3
512,0,48,174109,96,3,0,1,0
513,1,28,62186,29,8,0,1,3
514,1,97,183783,70,5,9,3,0
515,1,81,83771,1,0,1,2,3
516,0,37,148196,91,0,0,2,0
517,1,85,131742,87,3,1,1,2
518,0,78,59971,94,6,14,7,1
519,0,13,88960,2,3,13,3,3
520,0,53,140107,38,5,1,5,2
521,0,41,161896,49,3,1,3,0
522,0,9,57272,60,2,1,1,1
523,1,20,119952,2,5,8,2,2
524,0,98,167197,63,1,1,5,0
525,0,44,186116,2,5,8,6,0
526,0,66,134677,59,5,15,5,2
527,0,58,180479,74,5,0,3,0
528,1,97,112783,21,0,9,6,2
529,1,13,150258,17,1,0,3,0
530,1,48,115832,92,0,2,2,2
531,0,47,104834,44,0,0,7,2
532,1,93,152571,66,1,14,5,0
533,0,11,162287,45,2,3,2,0
534,0,68,171761,59,1,1,6,0
535,0,87,77709,73,0,0,1,3
536,0,22,95053,17,3,1,2,3
537,1,89,74820,33,1,1,2,3
538,1,57,152267,92,2,9,5,0
539,1,91,71925,14,0,4,2,3
540,0,84,151340,95,0,1,7,0
541,1,56,162921,51,4,0,4,0
542,0,26,52234,30,4,1,2,1
543,0,56,100271,87,0,1,5,3
544,0,6,170266,23,0,3,2,0
545,0,33,88763,1,3,1,1,3
546,0,89,107359,26,6,10,6,2
547,1,99,164781,83,2,0,2,0
548,0,25,156016,85,0,2,1,0
549,0,96,186882,40,3,1,7,0
550,0,35,99300,88,6,5,2,3
551,1,16,58127,65,8,0,3,1
552,0,81,89211,12,1,1,7,3
553,0,7,148607,59,6,1,7,0
554,0,31,139592,62,8,1,1,2
555,0,16,172051,62,5,1,3,0
556,1,89,57033,99,0,0,4,1
557,1,84,117612,63,2,0,6,2
558,1,40,185321,96,0,0,7,0
559,0,17,186577,5,5,8,5,0
560,1,0,151298,89,0,0,6,0
561,0,69,123925,52,0,1,7,2
562,0,17,169496,12,7,11,6,0
563,0,0,142892,25,3,8,1,2
564,0,34,58979,3,3,9,5,1
565,0,51,141416,100,5,15,1,2
566,1,54,104854,67,5,1,7,2
567,0,19,180331,14,0,17,5,0
568,0,99,172896,13,2,0,3,0
569,0,2,101451,82,5,4,3,3
570,0,91,189974,37,2,8,1,0
571,1,65,90084,65,0,1,6,3
572,0,47,112247,24,4,4,5,2
573,0,91,181775,61,0,4,5,0
574,0,64,59088,31,0,1,3,1
575,0,91,60856,23,0,1,6,1
576,1,32,149900,34,0,6,3,0
577,1,15,142776,98,2,8,5,2
578,1,22,162598,84,0,8,3,0
579,0,37,146195,89,5,4,4,2
580,1,83,135268,53,7,4,5,2
581,0,89,136037,1,8,5,1,2
582,0,33,111191,67,0,9,4,2
583,0,13,144111,62,3,12,5,2
584,0,71,177359,56,1,6,2,0
585,0,10,112818,85,8,15,7,2
586,1,49,53509,98,0,5,4,1
587,0,9,168269,75,4,10,2,0
588,0,53,86766,2,7,16,3,3
589,0,63,52661,25,5,12,5,1
590,0,46,148520,14,5,11,5,0
591,1,42,149936,52,0,15,3,0
592,0,73,102296,31,3,7,5,3
593,1,75,178416,16,4,10,7,0
594,0,49,83788,41,1,15,1,3
595,0,96,184771,77,2,8,5,0
596,0,52,70302,88,4,14,3,3
597,0,15,58639,51,3,5,7,1
598,1,91,97879,40,3,15,7,3
599,1,22,64707,29,3,7,3,3
600,1,62,71795,87,5,8,1,3
601,1,41,76567,85,1,16,1,3
602,1,61,126370,20,6,11,4,2
603,0,71,154007,32,0,7,7,0
604,0,91,69720,78,7,17,6,3
605,0,94,85265,68,4,7,6,3
606,0,3,155864,31,5,13,3,0
607,0,15,99421,72,0,8,7,3
608,0,96,145457,57,4,2,1,2
609,1,12,118041,77,0,9,2,2
610,0,23,73759,83,1,0,7,3
611,1,94,90082,17,0,5,7,3
612,0,7,74928,12,0,0,6,3
613,0,74,101352,36,7,0,5,3
614,0,52,93947,81,5,9,2,3
615,1,39,134629,23,2,1,6,2
616,1,72,101858,70,5,8,6,3
617,0,55,165501,47,0,10,4,0
618,1,29,135931,74,7,5,1,2
619,1,38,103356,20,8,1,6,3
620,0,44,75195,79,0,1,3,3
621,1,58,123083,44,3,6,5,2
622,1,77,73884,30,5,1,2,3
623,0,56,91180,61,3,1,7,3
624,1,79,86235,52,0,0,2,3
625,0,97,96400,4,1,1,7,3
626,1,78,83599,12,5,1,6,3
627,0,91,82535,50,5,0,1,3
628,1,35,92227,8,7,0,5,3
629,0,43,150444,27,0,13,4,0
630,0,37,149095,83,7,1,2,0
631,1,63,113605,42,0,3,3,2
632,0,16,93854,82,5,0,7,3
633,1,32,118280,92,0,0,5,2
634,1,91,94576,90,0,0,1,3
635,0,33,129257,70,4,6,3,2
636,0,57,70373,10,5,2,6,3
637,0,43,77600,66,5,0,1,3
638,0,26,113707,97,3,0,5,2
639,0,59,189672,8,1,0,7,0
640,0,61,143180,58,0,0,5,2
641,0,59,174890,14,8,3,4,0
642,1,66,121377,19,6,7,7,2
643,1,26,154857,13,5,0,7,0
644,0,67,160945,51,5,0,5,0
645,0,85,119557,35,0,0,2,2
646,0,76,187141,33,1,0,7,0
647,0,57,97468,22,0,0,1,3
648,0,77,160351,77,7,8,5,0
649,0,66,178627,94,5,1,2,0
650,0,49,170188,80,7,1,6,0
651,0,36,166007,40,1,1,4,0
652,1,74,91794,83,3,0,7,3
653,0,16,189072,86,0,6,3,0
654,1,27,152717,15,4,1,6,0
655,0,3,158549,98,4,0,3,0
656,1,31,134263,94,8,1,3,2
657,0,30,148236,28,4,1,1,0
658,1,94,171677,81,0,0,6,0
659,0,31,189446,38,0,1,6,0
660,1,49,106633,53,0,0,3,2
661,1,49,81084,48,4,6,5,3
662,1,53,148759,52,1,7,7,0
663,0,3,117638,95,5,2,7,2
664,0,91,159537,37,1,4,1,0
665,1,26,79526,6,8,9,7,3
666,1,28,101414,64,6,8,1,3
667,0,92,109519,72,3,1,4,2
668,0,59,156880,70,0,0,7,0
669,1,15,157278,58,0,0,6,0
670,0,23,144916,84,2,1,7,2
671,1,54,59163,100,8,3,3,1
672,0,93,93991,49,0,1,3,3
673,0,65,58318,45,1,1,1,1
674,0,13,180786,88,7,1,5,0
675,1,71,84622,45,1,0,6,3
676,1,1,92674,59,0,8,4,3
677,0,57,87553,94,0,1,1,3
678,1,14,74174,79,3,1,2,3
679,0,77,180831,33,5,1,2,0
680,0,89,137397,33,1,1,7,2
681,1,17,96154,100,0,1,4,3
682,1,86,172477,69,3,1,3,0
683,1,42,59954,37,4,4,4,1
684,0,29,112240,95,3,0,4,2
685,0,54,145679,35,0,0,2,2
686,1,96,136265,49,0,12,5,2
687,0,58,74869,12,5,0,3,3
688,0,52,109425,46,2,0,1,2
689,0,3,126015,57,5,0,1,2
690,0,13,156951,66,5,4,7,0
691,0,3,127172,68,5,1,2,2
692,1,89,113834,22,1,0,3,2
693,1,83,132005,2,3,0,5,2
694,0,80,171323,78,7,10,4,0
695,0,74,92355,87,3,1,4,3
696,1,42,60982,3,5,0,5,1
697,0,91,51742,33,0,8,3,1
698,0,31,138612,71,4,9,2,2
699,1,8,158123,84,0,1,1,0
700,1,64,164675,65,4,0,5,0
701,0,41,172882,27,5,8,7,0
702,0,62,70119,93,0,0,1,3
703,1,41,113998,26,5,7,7,2
704,1,22,114011,40,6,5,7,2
705,1,5,57265,89,3,7,7,1
706,0,38,130597,2,0,6,1,2
707,0,88,121597,7,2,0,5,2
708,1,56,103210,100,0,6,6,3
709,1,47,66308,8,4,0,4,3
710,1,4,141336,93,6,2,1,2
711,1,82,153632,76,3,9,7,0
712,0,31,65520,71,7,1,2,3
713,0,69,153217,83,5,1,6,0
714,1,62,92768,75,1,1,1,3
715,0,54,132345,10,0,0,2,2
716,0,60,186069,49,8,1,2,0
717,0,31,53802,32,0,1,7,1
718,0,17,103739,62,5,6,4,3
719,0,15,50550,34,5,9,7,1
720,0,37,145648,21,5,7,6,2
721,1,36,85737,37,4,0,3,3
722,0,27,99950,20,3,0,4,3
723,0,11,83220,21,2,7,4,3
724,1,83,73410,50,3,8,5,3
725,0,71,64310,43,8,2,1,3
726,0,20,59844,79,1,0,1,1
727,1,3,67787,1,4,1,6,3
728,1,52,172841,4,2,0,1,0
729,1,75,145528,61,5,1,2,2
730,1,36,173807,42,0,0,2,0
731,1,60,185794,69,3,7,1,0
732,1,8,119780,71,5,1,3,2
733,0,9,158596,86,0,1,2,0
734,0,41,118122,52,3,0,6,2
735,1,38,99964,11,5,7,4,3
736,0,69,120752,27,4,1,6,2
737,0,33,189630,53,4,5,5,0
738,1,64,125510,6,5,3,3,2
739,1,19,101799,49,2,1,1,3
740,0,88,92914,74,0,0,3,3
741,0,91,162465,59,2,9,3,0
742,1,84,163818,27,2,2,1,0
743,0,43,53832,56,3,4,1,1
744,0,30,140190,49,2,1,4,2
745,1,16,125836,69,5,1,4,2
746,1,89,100938,27,3,0,7,3
747,1,5,168670,37,0,1,3,0
748,0,54,176885,10,3,0,3,0
749,0,41,111174,28,0,4,5,2
750,1,80,127335,97,0,6,6,2
751,1,37,149103,3,5,10,1,0
752,1,87,167705,31,5,0,7,0
753,0,50,183548,85,3,1,4,0
754,0,14,50396,46,7,0,6,1
755,0,17,63557,3,8,1,1,3
756,0,98,87878,55,0,1,6,3
757,1,3,55634,53,2,8,3,1
758,0,83,118110,26,2,1,5,2
759,1,13,129396,36,0,6,6,2
760,0,46,62628,64,3,8,6,3
761,0,25,51700,17,5,4,6,1
762,0,4,106816,49,0,7,5,2
763,1,64,93000,67,7,0,2,3
764,0,84,144148,71,1,1,4,2
765,1,12,101388,90,0,0,2,3
766,0,56,171560,78,2,0,2,0
767,1,58,156366,60,3,8,1,0
768,0,0,143910,22,8,1,7,2
769,0,25,106569,84,2,1,3,2
770,1,28,173009,25,5,9,6,0
771,1,78,54252,29,2,0,5,1
772,1,56,104600,57,3,6,3,2
773,1,91,50250,54,0,0,2,1
774,1,77,93242,84,3,0,7,3
775,0,83,156839,38,0,3,7,0
776,0,64,71305,39,0,9,2,3
777,1,19,85975,73,3,0,6,3
778,1,94,188107,52,2,10,2,0
779,1,19,82333,35,8,1,2,3
780,1,84,125016,25,3,1,7,2
781,0,10,148908,10,5,2,3,0
782,0,19,58217,70,0,0,1,1
783,1,74,76521,29,2,7,4,3
784,0,95,117763,42,0,1,2,2
785,0,34,115184,93,6,1,4,2
786,1,30,54251,7,0,2,6,1
787,0,53,112530,24,3,2,6,2
788,1,67,107409,2,0,1,6,2
789,0,23,84793,23,6,9,6,3
790,0,25,66952,79,3,1,2,3
791,0,84,153465,11,7,1,4,0
792,0,1,178214,17,0,1,7,0
793,1,70,152069,42,3,4,4,0
794,0,56,132860,17,5,7,2,2
795,0,0,147719,86,7,1,7,0
796,0,91,172915,29,1,9,1,0
797,0,81,148594,29,3,3,5,0
798,1,33,61986,77,4,0,1,3
799,1,75,91456,13,0,1,4,3
800,1,11,166247,84,4,1,2,0
801,0,61,140516,50,0,0,3,2
802,1,81,148208,36,6,5,7,0
803,0,62,133822,78,8,0,4,2
804,0,44,175424,32,0,4,5,0
805,0,67,121528,92,5,8,4,2
806,0,30,189369,69,5,0,3,0
807,0,92,80808,26,0,1,1,3
808,1,25,57535,84,3,1,7,1
809,0,61,163509,51,5,0,4,0
810,0,72,75884,57,4,0,7,3
811,0,89,157759,52,0,1,6,0
812,0,37,184813,44,4,0,2,0
813,1,59,187253,51,4,8,7,0
814,1,41,81718,36,3,1,3,3
815,1,60,150019,37,1,1,2,0
816,0,81,53452,73,3,1,6,1
817,1,85,150765,42,6,8,2,0
818,0,91,154456,71,6,0,7,0
819,0,65,56647,12,1,6,4,1
820,0,19,117477,48,5,6,7,2
821,0,78,79677,9,0,10,7,3
822,0,0,116759,28,8,7,3,2
823,1,26,180702,21,3,6,1,0
824,0,2,122698,100,3,8,1,2
825,0,60,169346,55,5,7,2,0
826,0,67,93176,25,0,4,1,3
827,0,4,75853,40,6,4,5,3
828,1,7,119362,58,2,8,1,2
829,1,28,81545,36,0,4,7,3
830,1,67,67372,75,0,0,7,3
831,0,30,109703,61,4,1,1,2
832,1,38,166697,39,8,13,4,0
833,0,40,124982,34,2,1,7,2
834,0,6,146776,83,7,1,7,2
835,0,3,147548,45,4,4,5,0
836,0,51,117620,60,5,7,6,2
837,1,63,85351,57,5,0,2,3
838,1,65,174432,8,0,0,7,0
839,1,44,70787,68,1,1,3,3
840,0,90,75473,63,5,0,7,3
841,1,76,90082,49,5,1,6,3
842,0,62,185388,54,5,0,2,0
843,0,5,168110,69,1,14,6,0
844,0,67,184628,38,0,12,2,0
845,0,38,176551,45,5,8,1,0
846,0,31,76422,21,5,9,7,3
847,1,2,164248,51,3,9,3,0
848,0,82,109188,38,7,5,7,2
849,0,66,132951,26,5,4,1,2
850,0,75,164598,32,5,8,1,0
851,1,69,186655,32,6,7,2,0
852,0,62,111859,86,5,6,1,2
853,0,0,121926,41,7,7,1,2
854,0,11,143047,42,4,1,3,2
855,0,22,131748,23,0,1,3,2
856,1,76,142801,23,7,0,1,2
857,1,85,142723,46,2,0,6,2
858,1,21,155151,16,8,14,3,0
859,0,64,153607,48,5,1,4,0
860,1,94,144192,34,5,0,3,2
861,0,83,174159,22,7,4,4,0
862,0,93,73642,50,8,0,3,3
863,0,12,170319,46,0,8,7,0
864,0,0,141351,10,2,0,2,2
865,0,79,167411,9,8,12,5,0
866,1,90,58289,49,0,5,6,1
867,0,45,79801,77,1,0,2,3
868,0,82,146118,52,8,8,7,2
869,0,57,57337,14,5,1,4,1
870,0,43,113575,6,3,1,2,2
871,1,63,122658,65,2,6,2,2
872,0,62,151836,13,0,0,6,0
873,0,43,185900,80,6,9,4,0
874,0,34,94029,98,5,1,4,3
875,0,30,157290,22,0,2,2,0
876,1,97,175996,42,3,10,4,0
877,1,68,102016,37,0,0,4,3
878,1,16,77902,67,0,1,2,3
879,0,15,81138,86,5,9,7,3
880,1,25,128258,48,4,0,2,2
881,0,29,62475,24,0,6,4,3
882,0,85,82854,75,0,6,4,3
883,0,30,59284,38,1,7,7,1
884,0,13,141580,92,5,0,4,2
885,0,88,171362,90,4,6,4,0
886,1,5,78274,65,0,9,2,3
887,0,95,76646,61,0,0,1,3
888,0,92,78308,66,4,5,2,3
889,0,63,78971,89,2,1,2,3
890,0,75,65528,73,8,1,5,3
891,1,67,94199,71,0,5,7,3
892,0,58,135705,48,2,8,7,2
893,1,52,130573,31,3,8,3,2
894,0,85,152303,68,0,1,5,0
895,0,31,144582,89,1,1,1,2
896,0,84,93288,60,0,10,6,3
897,0,93,88192,3,8,10,2,3
898,1,18,62362,81,7,7,3,3
899,1,73,74350,39,7,10,1,3
900,1,3,144103,42,5,8,7,2
901,1,1,75518,17,7,7,3,3
902,1,53,160980,62,1,4,2,0
903,0,75,102904,28,0,7,6,3
904,0,15,174501,37,6,9,7,0
905,0,47,157661,57,5,6,6,0
906,0,66,118385,8,5,10,3,2
907,0,17,116463,100,0,8,4,2
908,0,1,161212,14,0,9,6,0
909,1,16,172601,50,8,4,6,0
910,0,52,167214,94,6,8,7,0
911,1,21,69644,19,0,5,1,3
912,0,19,120215,46,6,7,2,2
913,0,29,180401,23,2,7,6,0
914,0,40,113739,93,0,5,7,2
915,1,76,111717,41,5,1,2,2
916,1,91,62808,20,2,0,4,3
917,0,24,67582,13,0,1,3,3
918,1,4,96543,60,0,9,1,3
919,1,90,89667,69,0,0,2,3
920,0,56,98980,65,2,0,1,3
921,1,14,124998,17,7,1,3,2
922,1,52,189091,12,0,0,6,0
923,0,14,153842,3,0,1,3,0
924,1,30,106314,16,0,0,7,2
925,0,70,62901,60,0,8,5,3
926,1,14,149618,78,5,4,6,0
927,0,95,72068,97,5,0,6,3
928,1,25,81367,87,6,0,3,3
929,0,95,118575,10,3,1,3,2
930,0,12,82382,97,4,1,3,3
931,1,82,114776,55,3,10,3,2
932,0,2,145597,81,0,1,6,2
933,1,51,162072,86,2,1,1,0
934,1,63,172872,11,5,0,7,0
935,0,30,182162,6,0,1,3,0
936,0,68,71467,81,0,5,7,3
937,0,21,85568,1,5,0,6,3
938,0,99,56851,72,3,6,3,1
939,0,0,116782,73,0,9,5,2
940,0,80,67781,1,3,4,4,3
941,0,51,70152,29,5,0,2,3
942,1,18,185861,82,0,3,6,0
943,1,43,162595,17,0,3,3,0
944,0,29,80098,54,7,10,6,3
945,0,20,184801,8,7,1,1,0
946,0,39,58908,37,0,6,6,1
947,0,9,146011,69,8,9,5,2
948,0,45,135174,39,0,9,4,2
949,0,65,114244,64,0,0,1,2
950,0,64,157207,52,5,0,4,0
951,0,81,128834,23,3,5,4,2
952,1,54,51166,24,3,0,7,1
953,0,32,130118,36,0,0,4,2
954,1,29,87014,71,1,11,4,3
955,0,25,111379,93,0,0,2,2
956,1,5,83704,82,3,1,1,3
957,0,55,90558,49,5,8,2,3
958,1,12,187343,14,5,6,3,0
959,0,81,111174,48,3,9,6,2
960,1,87,64461,63,2,4,4,3
961,1,12,109618,97,0,7,3,2
962,1,91,189357,4,7,7,1,0
963,0,63,120955,79,0,6,1,2
964,0,97,168898,54,6,8,7,0
965,1,89,130431,52,5,6,3,2
966,1,59,161091,56,2,9,1,0
967,0,26,69988,2,6,5,4,3
968,0,5,169702,98,1,5,1,0
969,1,32,186897,49,5,1,7,0
970,0,98,109061,41,2,6,1,2
971,1,31,188620,30,0,3,6,0
972,0,59,108675,57,0,4,5,2
973,0,80,177601,34,3,0,2,0
974,0,12,87365,3,8,1,2,3
975,1,80,95929,23,2,0,2,3
976,1,59,97185,87,3,0,5,3
977,0,56,103838,17,0,1,2,3
978,1,18,129260,11,1,1,3,2
979,0,66,151184,19,0,1,4,0
980,0,67,177512,62,2,2,3,0
981,1,39,140099,51,7,0,7,2
982,1,23,67535,97,5,7,6,3
983,1,47,133236,61,4,1,6,2
984,0,41,87975,5,6,9,7,3
985,0,40,164350,23,5,0,5,0
986,1,36,55109,53,0,8,3,1
987,0,12,67613,40,3,1,2,3
988,0,60,185306,47,3,0,2,0
989,0,24,154787,84,4,3,5,0
990,0,17,109759,96,0,9,3,2
991,0,92,114571,51,4,1,3,2
992,1,32,130697,93,0,1,2,2
993,1,39,115916,24,1,13,6,2
994,0,50,69814,53,0,9,2,3
995,0,85,118161,74,2,0,4,2
996,1,65,56583,65,5,2,3,1
997,0,17,185843,36,0,4,3,0
998,0,31,171825,22,3,10,4,0
999,1,24,77976,95,0,11,3,3
1000,1,97,66312,75,3,0,1,3
1001,0,92,81839,11,3,0,4,3
1002,0,80,55712,5,0,5,6,1
1003,1,33,158335,45,5,2,5,0
1004,1,8,74253,45,7,1,6,3
1005,1,67,119625,3,5,4,4,2
1006,0,8,129743,6,0,0,2,2
1007,0,61,101007,60,7,0,6,3
1008,1,83,87529,49,0,9,7,3
1009,1,8,151648,98,5,8,6,0
1010,1,69,61637,67,6,0,5,1
1011,1,14,164659,59,3,1,6,0
1012,0,80,125623,62,4,0,4,2
1013,0,85,104054,22,0,8,4,3
1014,1,88,83535,56,0,1,5,3
1015,0,76,166245,13,4,7,3,0
1016,0,32,100890,60,3,4,4,3
1017,0,99,55972,83,3,1,7,1
1018,0,85,134282,39,0,2,5,2
1019,0,25,106669,22,7,1,7,2
1020,0,99,145777,94,4,1,5,2
1021,1,41,119259,91,5,1,5,2
1022,0,1,150174,59,0,2,2,0
1023,0,45,55472,51,5,1,3,1
1024,1,55,99423,82,5,0,5,3
1025,0,20,146221,25,8,0,3,2
1026,0,33,84238,31,0,1,2,3
1027,1,92,57032,75,3,1,5,1
1028,1,93,88811,52,2,0,4,3
1029,1,60,167420,38,0,5,2,0
1030,1,38,101846,17,1,3,2,3
1031,1,15,114061,87,0,2,5,2
1032,1,74,147449,16,0,1,5,0
1033,0,47,83043,76,4,0,1,3
1034,0,96,168990,81,1,9,5,0
1035,1,97,73867,65,5,4,5,3
1036,0,35,165772,51,5,1,4,0
1037,0,19,178217,38,8,0,3,0
1038,1,60,162612,98,2,1,6,0
1039,1,37,99872,53,3,11,3,3
1040,0,49,142566,77,0,1,7,2
1041,0,1,111424,80,3,8,5,2
1042,1,43,187841,38,0,1,4,0
1043,0,46,171921,50,0,1,6,0
1044,0,65,115299,87,0,6,3,2
1045,1,75,94129,27,5,6,7,3
1046,1,40,172378,39,3,5,6,0
1047,1,28,146597,31,2,1,4,2
1048,0,78,64057,44,1,0,3,3
1049,0,22,163585,49,0,9,5,0
1050,1,6,93186,83,3,1,3,3
1051,1,46,149764,1,3,0,6,0
1052,1,17,116822,84,1,1,3,2
1053,0,46,109346,37,3,1,2,2
1054,0,72,111587,99,0,7,4,2
1055,0,38,166644,66,0,8,6,0
1056,0,50,181270,56,0,1,1,0
1057,1,47,65207,81,5,1,2,3
1058,0,72,112146,21,6,8,4,2
1059,1,8,104953,57,1,1,6,2
1060,0,34,139009,24,0,0,4,2
1061,0,53,67916,82,5,0,6,3
1062,0,82,99983,88,4,0,1,3
1063,1,63,131122,40,0,9,6,2
1064,0,58,173190,37,1,9,4,0
1065,1,23,122712,21,8,1,1,2
1066,0,80,55792,30,0,1,6,1
1067,1,45,73892,45,1,1,4,3
1068,0,30,78821,46,6,1,4,3
1069,0,84,152475,12,0,0,7,0
1070,1,45,152226,87,0,4,4,0
1071,1,85,117679,18,3,1,3,2
1072,1,23,146473,87,0,1,4,2
1073,1,79,66051,75,5,1,7,3
1074,1,47,162332,72,3,1,5,0
1075,0,93,166018,71,1,0,3,0
1076,0,95,67398,81,3,2,5,3
1077,1,44,73760,70,3,1,6,3
1078,1,95,167578,66,3,0,1,0
1079,1,28,130267,45,2,8,4,2
1080,1,91,94846,95,2,0,5,3
1081,0,81,155396,1,2,9,5,0
1082,0,90,138013,16,0,8,7,2
1083,1,79,148286,77,3,0,4,0
1084,0,6,101031,28,0,1,1,3
1085,0,38,52884,24,7,1,1,1
1086,1,87,153230,15,5,8,1,0
1087,0,93,63261,13,2,1,7,3
1088,1,44,90167,84,2,0,3,3
1089,0,10,162076,78,6,0,3,0
1090,0,84,53622,27,0,0,3,1
1091,0,7,172913,94,4,3,4,0
1092,0,41,94316,86,0,0,6,3
1093,1,87,141383,3,6,7,5,2
1094,0,33,67874,55,0,0,2,3
1095,0,34,176554,62,5,1,2,0
1096,0,53,135341,56,5,10,2,2
1097,0,47,129019,57,5,0,3,2
1098,1,53,107879,3,1,1,6,2
1099,1,92,79531,4,0,1,1,3
1100,1,89,63379,59,0,12,7,3
1101,0,27,156258,54,3,0,4,0
1102,1,70,67874,41,3,9,3,3
1103,0,86,159964,57,2,5,6,0
1104,0,99,103706,50,3,1,2,3
1105,0,96,64713,84,3,2,7,3
1106,0,65,90414,55,0,1,5,3
1107,0,82,171100,34,4,0,5,0
1108,1,36,187305,85,2,6,7,0
1109,0,30,139758,46,7,0,6,2
1110,0,96,91226,56,5,0,5,3
1111,0,69,143928,30,2,9,7,2
1112,0,34,92366,14,5,0,6,3
1113,1,74,175041,25,0,4,1,0
1114,1,97,147301,93,7,1,5,0
1115,1,56,119296,49,2,0,7,2
1116,0,30,126306,44,0,0,1,2
1117,1,13,100647,49,4,1,3,3
1118,0,95,168663,16,2,11,5,0
1119,0,2,105391,42,4,1,7,2
1120,0,78,175179,43,4,9,4,0
1121,0,54,165019,12,3,1,2,0
1122,0,85,68212,26,5,7,4,3
1123,1,13,64572,71,0,1,2,3
1124,0,85,92591,99,0,8,2,3
1125,0,41,69730,97,0,1,4,3
1126,0,25,156793,57,8,2,4,0
1127,0,74,56848,41,0,5,1,1
1128,1,8,148450,55,5,0,6,0
1129,1,62,150619,32,0,10,6,0
1130,1,52,100261,10,0,1,6,3
1131,0,36,109895,56,5,5,2,2
1132,1,11,152684,24,7,0,3,0
1133,0,84,133765,83,0,1,3,2
1134,0,99,57677,99,7,0,5,1
1135,0,51,112358,27,0,0,6,2
1136,0,57,73845,52,0,1,7,3
1137,1,92,89531,42,5,6,2,3
1138,1,29,118092,100,3,7,3,2
1139,1,62,144242,49,3,1,4,2
1140,0,43,140876,90,3,0,4,2
1141,1,72,76888,26,8,0,1,3
1142,0,28,116644,88,0,6,3,2
1143,0,57,143021,3,4,5,4,2
1144,0,86,145679,91,7,9,6,2
1145,0,26,64398,7,7,1,6,3
1146,0,13,104512,40,8,9,3,2
1147,1,1,71564,68,0,1,5,3
1148,0,89,122707,64,6,2,3,2
1149,0,91,51733,96,5,0,5,1
1150,0,67,138087,63,8,1,7,2
1151,1,63,147278,51,7,0,4,0
1152,0,90,187339,62,5,0,6,0
1153,0,87,129972,97,4,1,6,2
1154,0,89,151176,55,5,1,2,0
1155,0,34,74358,60,0,0,6,3
1156,1,89,83953,82,5,0,3,3
1157,1,31,62925,24,2,1,6,3
1158,1,55,65257,93,1,2,3,3
1159,0,3,188557,4,5,9,2,0
1160,1,64,163783,84,5,3,1,0
1161,0,1,108342,97,1,0,3,2
1162,0,20,155951,21,5,7,4,0
1163,0,18,183071,29,0,7,4,0
1164,0,83,124104,20,5,4,6,2
1165,0,21,136747,3,5,1,1,2
1166,1,19,189498,18,0,4,1,0
1167,0,74,76149,48,0,9,6,3
1168,0,44,185550,54,0,0,1,0
1169,0,52,119567,19,0,5,2,2
1170,0,14,79806,30,2,1,6,3
1171,1,10,180774,66,3,1,5,0
1172,0,80,90142,50,7,1,2,3
1173,0,82,184481,84,4,0,2,0
1174,0,32,66089,75,0,6,3,3
1175,0,16,60044,83,0,4,1,1
1176,1,61,52543,23,4,0,6,1
1177,1,57,50429,23,0,0,1,1
1178,1,95,178228,45,2,1,2,0
1179,0,38,161130,98,0,8,3,0
1180,1,70,87976,38,7,1,6,3
1181,0,40,179150,91,0,5,2,0
1182,0,92,163442,32,4,1,6,0
1183,0,73,108159,18,3,8,7,2
1184,0,62,73419,14,5,0,1,3
1185,0,12,138425,78,1,11,6,2
1186,1,65,54431,93,5,1,7,1
1187,0,88,168437,81,0,2,2,0
1188,0,55,71322,54,3,1,6,3
1189,0,99,122548,14,6,2,5,2
1190,0,20,141428,32,3,1,5,2
1191,1,97,142214,32,0,7,4,2
1192,0,93,62590,43,0,9,6,3
1193,1,84,172523,83,0,6,2,0
1194,0,16,157588,76,4,2,6,0
1195,0,10,143313,57,1,4,7,2
1196,0,59,119833,38,1,1,2,2
1197,0,54,70803,35,3,0,5,3
1198,1,82,139008,47,0,1,4,2
1199,1,83,126669,53,0,1,6,2
1200,1,87,122722,10,4,9,4,2
1201,1,1,79800,47,0,0,1,3
1202,1,89,100155,5,5,6,1,3
1203,0,32,110846,49,0,0,2,2
1204,0,1,106841,69,3,0,3,2
1205,0,54,117181,66,1,12,5,2
1206,0,56,86898,76,5,0,6,3
1207,0,31,143241,81,4,4,7,2
1208,0,26,146028,33,5,0,5,2
1209,1,7,165287,65,1,1,3,0
1210,0,60,132486,9,0,1,2,2
1211,1,92,96424,74,0,8,5,3
1212,0,93,151468,41,0,1,5,0
1213,0,8,76561,79,5,0,1,3
1214,0,81,125316,81,7,0,6,2
1215,1,21,109373,22,3,4,2,2
1216,1,96,135042,12,0,0,7,2
1217,0,78,59784,81,0,3,3,1
1218,1,86,140687,63,0,1,2,2
1219,1,1,182927,55,5,1,1,0
1220,0,62,175534,44,0,1,6,0
1221,1,68,170957,6,7,1,3,0
1222,1,70,81197,76,0,0,4,3
1223,0,21,104888,8,5,0,4,2
1224,1,74,184838,18,6,8,5,0
1225,0,62,139588,66,4,0,2,2
1226,1,22,126543,45,6,0,3,2
1227,0,87,177260,45,3,14,2,0
1228,1,44,156823,42,5,9,5,0
1229,0,27,183201,52,2,8,6,0
1230,0,95,84925,46,0,4,6,3
1231,1,89,69719,47,0,9,2,3
1232,0,41,61355,13,5,1,3,1
1233,1,41,156014,49,1,14,5,0
1234,1,21,184088,21,3,11,7,0
1235,0,59,158372,98,0,1,1,0
1236,0,64,135742,67,5,1,7,2
1237,0,38,145704,82,8,0,4,2
1238,0,70,157307,23,4,4,3,0
1239,0,25,88064,73,4,1,5,3
1240,0,3,167226,59,6,3,1,0
1241,0,70,153821,8,8,1,4,0
1242,1,29,170669,78,1,9,5,0
1243,1,88,93555,13,0,3,3,3
1244,0,20,101941,18,5,1,3,3
1245,0,58,78795,44,2,0,6,3
1246,0,70,55875,94,2,0,5,1
1247,0,44,177513,81,7,1,5,0
1248,0,87,100850,83,1,0,3,3
1249,0,0,143082,63,3,0,7,2
1250,0,96,85447,4,0,9,6,3
1251,0,75,114213,33,1,9,4,2
1252,1,14,161120,69,4,0,1,0
1253,0,8,186682,86,3,1,1,0
1254,1,58,105302,75,1,0,3,2
1255,0,5,133400,47,2,0,6,2
1256,1,70,56432,23,2,0,5,1
1257,0,49,136467,72,5,3,3,2
1258,1,60,189945,20,2,0,5,0
1259,0,25,163966,48,7,1,5,0
1260,1,47,52152,17,0,0,3,1
1261,1,53,145720,62,6,12,7,2
1262,1,24,188034,61,5,1,5,0
1263,0,46,127911,3,6,9,2,2
1264,0,70,174114,31,7,1,1,0
1265,1,53,144489,10,0,14,3,2
1266,1,63,77440,47,7,0,5,3
1267,0,24,86119,44,0,1,6,3
1268,0,5,100056,49,3,1,3,3
1269,1,7,66686,50,0,8,7,3
1270,0,71,74696,41,1,1,6,3
1271,1,23,65641,50,3,4,5,3
1272,0,0,61228,81,3,1,6,1
1273,0,2,138529,87,5,0,4,2
1274,0,72,152405,4,0,1,4,0
1275,1,18,157757,84,1,0,4,0
1276,1,11,166361,59,2,6,4,0
1277,0,95,67227,30,0,1,7,3
1278,1,20,161156,88,2,0,4,0
1279,0,58,170647,70,5,1,7,0
1280,0,67,161646,36,5,0,2,0
1281,1,43,98016,18,5,9,6,3
1282,1,36,50526,19,0,0,6,1
1283,1,2,175208,43,4,8,4,0
1284,0,35,97721,48,2,0,7,3
1285,0,81,142013,81,3,3,4,2
1286,1,84,166737,76,0,0,3,0
1287,0,18,62651,13,3,0,2,3
1288,0,54,179546,4,6,8,4,0
1289,0,98,51866,81,0,12,7,1
1290,0,75,86297,42,4,9,4,3
1291,0,98,65031,23,0,0,4,3
1292,1,94,69383,25,3,0,2,3
1293,1,24,70733,63,0,5,3,3
1294,0,47,187898,89,0,6,2,0
1295,0,40,116001,55,2,1,4,2
1296,1,68,87040,4,0,9,1,3
1297,0,18,180956,74,0,2,2,0
1298,0,83,115517,82,5,0,6,2
1299,1,34,76979,46,7,1,3,3
1300,1,81,50798,56,0,10,5,1
1301,0,61,146350,43,0,1,3,2
1302,0,77,81112,61,5,5,3,3
1303,1,52,80605,20,1,1,6,3
1304,1,40,171949,11,1,1,6,0
1305,1,93,159006,26,0,8,6,0
1306,0,45,177368,96,5,1,2,0
1307,0,83,187643,3,0,1,1,0
1308,1,23,93841,25,7,0,7,3
1309,1,15,131061,92,5,0,7,2
1310,1,79,146130,20,3,6,6,2
1311,1,80,84471,79,1,1,5,3
1312,0,35,144485,15,3,0,4,2
1313,0,39,158638,78,5,2,5,0
1314,1,4,96693,28,3,0,4,3
1315,0,83,129507,93,5,4,7,2
1316,0,94,114510,39,5,0,4,2
1317,0,33,109396,17,6,1,2,2
1318,0,12,149031,96,0,10,5,0
1319,0,77,66256,13,7,1,2,3
1320,0,48,118285,69,1,8,4,2
1321,1,97,128723,58,0,4,5,2
1322,0,28,178285,91,0,4,7,0
1323,0,99,144176,74,8,7,2,2
1324,1,27,82474,31,0,9,3,3
1325,0,95,159010,84,7,6,2,0
1326,0,6,76164,83,0,6,2,3
1327,1,18,77873,49,4,6,5,3
1328,1,42,53392,89,0,6,4,1
1329,1,50,168898,41,0,9,7,0
1330,1,86,128917,7,6,5,5,2
1331,1,69,185067,49,7,5,4,0
1332,1,23,132183,76,0,10,3,2
1333,0,82,82060,46,5,7,1,3
1334,0,97,133614,58,0,7,4,2
1335,1,42,94844,64,6,7,6,3
1336,0,75,76474,5,1,5,5,3
1337,0,14,94655,9,5,8,1,3
1338,1,3,60933,30,1,8,1,1
1339,1,16,79257,82,5,6,2,3
1340,0,45,125677,36,3,5,2,2
1341,0,23,127971,56,0,1,5,2
1342,1,38,76103,62,4,9,3,3
1343,0,45,114741,96,0,0,5,2
1344,0,82,157994,92,0,1,1,0
1345,1,73,93786,44,3,3,1,3
1346,1,36,75178,41,3,1,7,3
1347,1,13,175267,81,5,1,4,0
1348,0,96,99263,100,5,8,1,3
1349,0,83,52590,3,5,0,4,1
1350,1,33,170959,75,0,0,4,0
1351,1,68,135076,60,2,1,5,2
1352,1,88,167112,34,7,0,1,0
1353,0,87,184639,12,1,1,6,0
1354,0,88,172369,80,0,6,6,0
1355,0,43,124256,67,8,1,7,2
1356,0,64,89972,92,0,10,6,3
1357,1,96,67799,42,3,1,6,3
1358,0,72,176074,70,1,1,7,0
1359,1,48,167517,27,0,2,7,0
1360,0,64,77914,11,0,1,6,3
1361,0,8,57605,81,1,0,2,1
1362,0,52,86365,70,2,1,7,3
1363,1,3,93883,39,5,1,2,3
1364,0,44,131091,62,0,4,1,2
1365,1,14,87222,14,5,8,4,3
1366,0,50,117076,45,1,1,2,2
1367,1,53,150925,1,5,1,2,0
1368,0,31,149379,100,7,0,3,0
1369,0,31,138644,94,2,4,3,2
1370,1,97,148493,42,1,4,7,0
1371,1,27,84658,66,7,4,6,3
1372,1,2,111618,99,7,6,5,2
1373,1,81,108759,60,0,7,6,2
1374,1,64,186203,73,0,10,5,0
1375,0,11,147258,59,7,10,2,0
1376,0,78,132983,67,5,7,7,2
1377,1,72,149092,39,2,8,1,0
1378,1,36,163845,84,1,5,7,0
1379,1,97,117777,67,0,5,5,2
1380,1,88,131584,18,0,7,3,2
1381,0,21,123904,91,0,7,5,2
1382,0,62,89801,88,0,5,4,3
1383,1,73,173466,57,3,10,5,0
1384,0,34,55690,4,8,4,6,1
1385,0,50,104467,72,6,5,1,2
1386,1,39,100419,19,0,5,4,3
1387,0,82,62951,47,7,8,2,3
1388,1,39,118554,1,7,4,6,2
1389,0,13,140673,49,0,6,7,2
1390,0,68,75561,87,5,5,3,3
1391,0,77,147306,50,5,6,6,0
1392,0,35,111871,30,1,10,1,2
1393,1,5,112884,43,5,0,6,2
1394,0,47,121267,58,2,1,1,2
1395,0,48,151519,93,0,7,2,0
1396,0,34,105448,40,0,0,5,2
1397,0,20,92048,91,5,1,1,3
1398,1,61,99980,94,5,10,1,3
1399,1,16,84003,68,0,9,6,3
1400,1,2,110889,95,4,1,2,2
1401,0,52,82478,95,4,10,1,3
1402,1,99,139685,20,5,1,4,2
1403,0,84,182374,62,3,0,6,0
1404,0,58,119366,94,2,4,2,2
1405,0,91,53788,57,1,0,2,1
1406,0,1,90341,92,1,0,2,3
1407,0,67,118348,94,2,1,7,2
1408,1,56,137428,87,0,0,2,2
1409,0,62,106982,53,3,1,7,2
1410,0,12,98532,52,1,0,6,3
1411,0,38,120825,24,4,9,7,2
1412,0,51,58006,83,4,1,5,1
1413,1,20,106941,73,0,1,1,2
1414,1,43,129782,31,3,1,2,2
1415,1,93,121513,90,2,0,6,2
1416,0,54,79925,30,5,0,3,3
1417,1,23,112089,74,5,7,7,2
1418,0,1,138656,27,6,3,4,2
1419,0,64,146794,90,5,8,3,2
1420,0,55,75033,30,2,5,5,3
1421,0,85,149969,78,4,0,6,0
1422,0,20,124852,39,5,5,5,2
1423,1,73,154837,42,4,8,4,0
1424,0,53,145678,55,4,0,1,2
1425,0,7,137354,89,0,8,7,2
1426,0,50,136660,48,3,1,3,2
1427,0,12,63334,99,0,0,6,3
1428,1,37,62893,29,4,1,5,3
1429,1,78,163514,89,1,9,2,0
1430,1,29,145934,40,8,10,2,2
1431,0,54,119223,58,7,10,7,2
1432,1,89,127479,18,1,10,2,2
1433,0,25,136146,98,0,6,6,2
1434,0,14,76001,46,0,7,3,3
1435,0,12,84885,24,5,6,2,3
1436,0,18,82812,1,0,6,2,3
1437,1,74,51260,43,3,5,5,1
1438,1,21,159572,42,5,5,5,0
1439,1,9,130186,88,0,9,7,2
1440,0,49,176954,57,0,5,6,0
1441,1,58,85908,99,0,5,4,3
1442,0,16,75831,5,5,10,7,3
1443,0,55,123045,56,2,7,3,2
1444,0,31,161211,10,7,9,1,0
1445,0,59,81702,27,8,6,4,3
1446,0,25,173043,3,0,8,6,0
1447,1,63,126380,90,0,6,1,2
1448,0,60,128205,27,5,6,5,2
1449,0,41,181355,73,0,10,3,0
1450,0,84,97931,70,5,9,7,3
1451,1,72,146432,25,0,6,1,2
1452,0,97,125731,41,0,6,4,2
1453,0,43,132701,70,5,5,2,2
1454,0,63,116095,8,0,5,1,2
1455,0,7,135773,42,0,9,5,2
1456,1,54,136417,45,5,9,6,2
1457,1,27,80783,82,0,9,3,3
1458,1,28,182580,60,4,6,6,0
1459,0,84,143567,48,0,7,2,2
1460,1,71,85908,85,3,5,4,3
1461,0,88,139806,99,3,4,4,2
1462,0,75,77269,24,0,8,1,3
1463,0,96,105968,65,2,4,5,2
1464,0,83,125660,19,2,10,4,2
1465,0,86,98444,76,3,7,4,3
1466,1,60,179503,9,0,4,3,0
1467,0,5,60575,14,2,5,2,1
1468,0,65,75685,19,8,7,3,3
1469,0,49,85374,45,0,8,5,3
1470,0,78,128642,19,8,5,6,2
1471,1,25,182292,78,0,7,5,0
1472,0,5,124702,94,0,10,3,2
1473,0,58,127833,2,0,7,7,2
1474,0,80,178866,97,0,8,4,0
1475,0,94,183643,51,0,5,5,0
1476,1,62,113306,4,4,5,6,2
1477,1,20,84008,77,0,8,4,3
1478,1,85,85758,35,7,10,4,3
1479,0,72,63128,45,2,8,7,3
1480,1,95,70174,6,4,10,6,3
1481,0,97,170133,42,2,5,5,0
1482,0,25,165978,42,0,7,3,0
1483,0,17,149727,78,0,7,3,0
1484,0,19,147052,86,6,9,4,2
1485,0,59,113389,79,1,4,6,2
1486,1,30,111690,73,3,10,4,2
1487,0,63,184830,60,1,9,3,0
1488,0,23,91549,23,0,4,3,3
1489,0,97,94629,17,8,6,3,3
1490,0,97,167558,99,0,4,7,0
1491,1,94,119189,57,0,9,3,2
1492,0,28,96207,67,0,5,5,3
1493,1,21,85339,6,1,4,7,3
1494,0,25,111942,7,0,5,5,2
1495,0,48,157003,45,2,5,4,0
1496,0,53,117123,23,0,9,7,2
1497,0,97,172747,76,0,7,2,0
1498,1,33,157358,52,5,7,4,0
1499,1,5,156655,20,3,4,5,0
1500,1,72,166043,93,1,7,6,0
1501,1,40,67768,15,1,10,6,3
1502,1,34,171353,34,1,8,4,0
1503,0,63,116971,76,4,7,5,2
1504,0,85,97822,38,1,5,3,3
1505,0,86,117203,83,5,10,3,2
1506,0,63,88720,100,0,10,1,3
1507,0,9,173233,18,6,5,1,0
1508,0,76,139447,36,0,8,7,2
1509,1,19,179269,93,3,6,3,0
1510,0,84,136254,90,2,5,6,2
1511,1,38,174594,56,4,8,2,0
1512,0,1,100429,19,3,9,1,3
1513,0,30,73107,48,0,9,1,3
1514,0,86,98344,25,0,6,6,3
1515,1,21,163509,21,5,10,1,0
1516,1,15,116204,16,2,8,2,2
1517,0,87,95853,53,5,9,1,3
1518,1,40,156411,70,0,6,5,0
1519,1,2,72889,36,6,5,7,3
1520,0,63,106691,79,5,9,3,2
1521,1,26,144832,42,0,5,3,2
1522,1,29,132297,53,3,8,1,2
1523,0,7,170345,3,4,9,5,0
1524,1,28,157383,13,7,8,2,0
1525,0,99,150782,18,4,8,2,0
1526,1,69,143987,87,5,10,5,2
1527,0,13,129659,59,3,6,7,2
1528,1,73,104826,36,5,5,1,2
1529,0,4,181471,59,5,10,4,0
1530,0,42,152547,56,0,7,4,0
1531,1,43,85347,9,1,1,1,3
1532,0,79,122828,32,4,0,5,2
1533,1,18,107794,17,2,0,5,2
1534,1,39,152566,11,3,1,7,0
1535,0,41,91715,99,3,0,3,3
1536,0,60,99222,48,0,1,6,3
1537,0,39,70280,99,2,0,4,3
1538,0,90,70030,86,5,1,2,3
1539,0,83,102083,24,0,1,1,3
1540,0,92,166163,87,2,8,5,0
1541,0,6,182871,27,2,8,6,0
1542,1,50,187545,61,4,4,6,0
1543,1,90,182910,86,3,0,1,0
1544,0,13,174530,30,7,1,6,0
1545,0,27,115438,37,0,0,6,2
1546,0,93,93964,80,0,4,2,3
1547,0,61,180341,75,5,1,3,0
1548,0,91,107323,1,2,7,7,2
1549,0,79,119435,55,3,0,7,2
1550,0,80,68341,22,0,13,6,3
1551,0,16,95365,60,0,0,5,3
1552,1,4,131093,79,7,1,7,2
1553,0,34,100621,3,5,1,1,3
1554,1,10,116521,47,1,0,2,2
1555,0,3,136316,88,4,0,3,2
1556,1,96,172039,51,7,0,6,0
1557,0,48,70844,22,3,0,3,3
1558,1,25,100964,96,8,1,6,3
1559,0,98,128037,39,3,6,2,2
1560,1,84,97081,75,8,1,3,3
1561,1,88,92247,47,8,0,6,3
1562,1,86,129914,92,0,1,3,2
1563,0,0,94014,53,2,9,5,3
1564,0,56,138864,93,0,0,5,2
1565,1,6,169299,46,8,1,5,0
1566,1,2,119097,40,5,0,7,2
1567,0,73,68161,23,1,1,2,3
1568,0,38,181108,32,6,1,1,0
1569,1,37,87764,59,2,9,7,3
1570,0,41,102543,54,0,7,3,3
1571,1,94,139417,13,0,1,3,2
1572,0,57,81802,29,6,9,1,3
1573,0,96,102788,51,0,0,1,3
1574,0,59,163179,19,5,1,7,0
1575,1,87,71318,22,5,1,3,3
1576,1,55,63683,34,5,3,1,3
1577,0,16,189689,37,5,8,5,0
1578,1,82,121610,36,0,0,5,2
1579,0,83,150682,25,0,1,1,0
1580,0,96,124550,46,8,0,3,2
1581,1,55,148875,99,0,0,4,0
1582,1,6,107117,44,0,1,3,2
1583,1,33,109223,43,2,1,5,2
1584,0,0,120899,7,8,2,6,2
1585,0,27,101948,31,0,0,5,3
1586,1,72,143169,58,2,0,4,2
1587,0,13,167619,4,5,7,6,0
1588,0,19,181795,59,5,3,5,0
1589,0,48,186445,41,2,0,1,0
1590,0,58,102205,24,0,1,1,3
1591,0,21,52326,69,5,0,2,1
1592,1,91,82992,5,3,1,5,3
1593,1,44,145520,55,6,1,7,2
1594,0,80,104820,96,0,2,4,2
1595,0,28,69025,79,3,0,2,3
1596,1,74,164976,89,3,0,4,0
1597,0,79,178576,51,4,5,5,0
1598,0,42,72415,52,8,0,5,3
1599,1,80,112146,24,3,0,3,2
1600,1,8,144830,43,0,0,1,2
1601,0,24,51661,79,3,0,7,1
1602,0,71,152910,90,0,1,6,0
1603,1,1,114556,64,3,0,7,2
1604,1,0,143455,62,5,1,6,2
1605,1,30,173096,92,5,0,3,0
1606,0,52,121172,97,5,5,4,2
1607,0,34,56492,15,6,8,1,1
1608,1,64,156422,39,3,1,7,0
1609,1,17,131863,94,0,1,7,2
1610,1,71,118096,36,7,0,3,2
1611,1,87,149685,30,4,9,6,0
1612,0,68,89765,28,0,0,7,3
1613,0,14,177701,49,3,0,6,0
1614,1,24,64738,67,0,0,6,3
1615,0,10,92734,28,7,1,4,3
1616,0,53,146877,47,5,4,3,2
1617,0,39,62935,60,0,0,7,3
1618,0,16,67178,17,3,8,3,3
1619,0,64,115754,35,2,1,3,2
1620,0,41,186470,21,0,0,7,0
1621,1,16,100939,34,5,7,6,3
1622,0,94,86172,55,0,4,4,3
1623,0,40,184222,17,5,0,2,0
1624,1,81,71543,1,3,1,4,3
1625,0,18,174836,63,5,0,4,0
1626,0,78,130706,72,6,3,6,2
1627,1,8,74407,100,1,0,6,3
1628,1,64,130055,46,5,2,1,2
1629,1,45,88707,81,5,0,5,3
1630,1,99,162762,52,5,1,1,0
1631,1,59,154821,77,1,0,2,0
1632,1,53,57248,66,7,5,5,1
1633,0,66,99902,54,2,10,2,3
1634,0,1,165711,50,0,1,2,0
1635,1,73,97455,55,6,6,4,3
1636,0,34,93866,43,3,9,2,3
1637,0,1,141307,17,5,1,3,2
1638,1,73,172011,9,1,1,5,0
1639,1,90,68138,18,5,2,7,3
1640,0,32,123246,100,6,8,6,2
1641,0,47,124194,32,1,1,7,2
1642,1,15,188696,87,6,8,3,0
1643,0,78,91213,84,7,3,5,3
1644,0,83,166650,99,5,1,3,0
1645,1,2,52727,60,0,1,3,1
1646,1,75,126469,86,3,1,2,2
1647,1,45,138775,17,4,0,7,2
1648,0,49,68901,70,1,7,7,3
1649,0,41,118621,7,6,0,7,2
1650,1,34,109263,77,3,0,1,2
1651,1,82,150012,83,5,3,6,0
1652,1,37,133850,85,8,9,3,2
1653,0,25,81640,95,3,1,6,3
1654,0,52,133214,1,8,9,7,2
1655,0,23,186723,42,3,8,5,0
1656,0,96,92100,23,0,9,3,3
1657,1,5,64484,10,6,0,5,3
1658,0,47,69024,3,5,4,5,3
1659,1,81,171194,55,0,0,5,0
1660,0,4,183282,34,0,1,1,0
1661,0,8,100099,74,5,1,3,3
1662,0,35,164435,26,7,1,3,0
1663,1,67,172407,60,1,9,3,0
1664,0,9,84781,14,4,1,3,3
1665,1,82,186130,61,7,3,7,0
1666,0,2,56782,10,0,9,5,1
1667,1,95,137206,4,0,0,4,2
1668,0,9,146950,92,1,6,5,2
1669,0,99,174275,4,5,0,2,0
1670,1,96,97705,41,6,8,2,3
1671,1,92,188984,69,7,1,4,0
1672,1,24,119238,55,0,1,3,2
1673,1,58,87923,19,3,0,5,3
1674,1,15,128573,97,4,1,1,2
1675,0,13,132374,96,8,0,3,2
1676,0,51,135164,75,0,9,3,2
1677,1,9,165194,10,0,8,3,0
1678,1,0,126060,92,1,1,3,2
1679,1,67,89366,55,5,9,3,3
1680,1,58,95172,77,5,1,5,3
1681,0,55,95975,49,4,0,1,3
1682,0,52,165573,59,5,0,7,0
1683,1,83,180887,59,3,1,1,0
1684,0,83,142720,86,4,0,1,2
1685,0,90,113460,54,7,1,7,2
1686,1,87,110434,20,0,7,3,2
1687,0,67,146016,38,0,1,6,2
1688,1,81,101073,67,4,0,7,3
1689,0,36,62617,10,0,9,3,3
1690,0,51,96028,37,0,0,5,3
1691,0,31,186334,37,0,0,1,0
1692,0,57,163473,52,0,0,1,0
1693,1,83,89819,59,0,4,2,3
1694,0,51,69388,33,2,3,4,3
1695,0,15,134748,76,8,1,6,2
1696,0,18,149915,94,1,14,1,0
1697,0,88,104098,48,5,1,6,3
1698,1,70,80160,10,0,8,5,3
1699,1,9,124125,91,0,1,2,2
1700,1,6,170226,31,7,0,3,0
1701,0,8,53306,98,2,0,2,1
1702,1,55,103933,31,4,6,3,3
1703,0,69,85401,10,3,4,6,3
1704,0,18,53812,32,6,9,5,1
1705,0,13,60771,50,3,1,7,1
1706,0,69,56398,75,3,8,3,1
1707,0,69,171118,91,2,9,3,0
1708,1,69,79806,73,5,0,5,3
1709,0,89,150187,35,5,0,5,0
1710,0,45,129455,14,7,0,3,2
1711,0,75,116813,72,3,10,6,2
1712,0,54,95734,39,6,8,7,3
1713,1,33,76654,48,0,4,1,3
1714,1,67,86289,96,0,1,5,3
1715,1,26,176147,19,5,0,1,0
1716,0,5,142351,97,3,0,7,2
1717,1,65,186673,51,1,1,1,0
1718,0,94,131521,62,0,0,6,2
1719,0,95,50223,15,3,8,1,1
1720,0,48,74308,23,3,1,2,3
1721,0,41,155881,22,7,0,7,0
1722,0,92,168303,16,4,9,4,0
1723,1,44,182748,58,2,1,7,0
1724,0,35,52374,73,0,1,1,1
1725,0,34,86154,17,1,1,2,3
1726,0,52,163612,51,4,0,5,0
1727,0,64,64756,17,8,10,1,3
1728,1,62,185257,58,0,1,4,0
1729,1,58,78669,75,0,1,7,3
1730,1,15,164520,47,0,1,7,0
1731,0,65,92135,49,6,6,4,3
1732,1,20,103195,68,1,0,7,3
1733,0,21,161663,36,4,1,7,0
1734,0,79,57039,34,0,2,6,1
1735,0,91,54754,4,0,0,2,1
1736,0,92,136531,76,2,1,4,2
1737,1,62,120838,79,0,1,4,2
1738,1,94,127927,48,1,0,4,2
1739,1,10,164214,77,7,0,4,0
1740,0,53,145498,66,0,8,4,2
1741,1,7,129215,69,3,9,6,2
1742,0,92,152429,76,3,0,2,0
1743,0,12,89252,31,3,0,5,3
1744,0,31,147447,23,1,6,7,0
1745,0,93,74467,33,7,5,1,3
1746,0,66,127410,37,2,8,2,2
1747,1,49,91290,44,5,7,7,3
1748,0,64,92812,97,0,5,7,3
1749,0,27,170166,18,0,10,4,0
1750,0,33,150823,75,0,4,1,0
1751,1,79,95839,30,4,7,2,3
1752,0,14,60175,60,4,9,7,1
1753,0,22,153024,91,0,10,7,0
1754,0,8,116858,67,0,5,7,2
1755,0,6,122961,47,1,8,2,2
1756,1,81,141471,45,0,8,6,2
1757,1,69,76155,14,5,8,7,3
1758,1,0,108169,24,4,10,3,2
1759,0,61,139520,39,0,8,4,2
1760,1,62,182631,52,0,5,3,0
1761,0,95,177134,78,5,10,2,0
1762,0,32,181703,54,7,6,2,0
1763,0,13,61917,16,0,7,2,3
1764,0,1,140648,36,4,9,7,2
1765,0,63,176783,40,1,9,4,0
1766,1,75,59741,67,0,10,5,1
1767,0,43,156567,89,2,7,6,0
1768,0,29,110309,21,0,6,2,2
1769,0,82,111077,55,0,9,7,2
1770,0,87,170333,96,3,4,2,0
1771,1,66,183339,39,0,7,4,0
1772,0,99,84167,46,0,10,7,3
1773,0,54,184815,50,7,6,3,0
1774,0,49,122556,74,0,9,7,2
1775,0,60,174768,66,3,9,2,0
1776,1,75,172309,82,4,4,1,0
1777,1,77,117920,4,1,10,4,2
1778,1,34,134882,61,0,10,3,2
1779,0,63,77259,11,7,6,6,3
1780,1,38,170019,38,0,7,2,0
1781,0,68,176884,94,2,10,2,0
1782,0,80,106709,93,8,10,2,2
1783,0,8,168723,31,6,7,2,0
1784,0,86,90228,68,2,7,5,3
1785,0,1,89473,85,7,10,4,3
1786,1,56,131911,42,5,7,7,2
1787,0,14,140107,63,8,6,6,2
1788,0,4,170403,44,0,4,5,0
1789,0,58,51416,46,6,7,5,1
1790,0,6,52648,2,0,5,2,1
1791,1,17,125471,48,2,7,1,2
1792,0,55,106153,62,0,10,1,2
1793,1,14,124785,28,7,7,2,2
1794,0,22,101474,14,6,10,2,3
1795,0,8,141359,65,5,4,5,2
1796,0,70,57596,96,0,4,1,1
1797,0,67,78489,81,0,7,5,3
1798,1,50,112957,71,4,5,3,2
1799,1,72,82377,37,2,9,2,3
1800,1,76,82315,53,2,6,1,3
1801,1,80,93253,51,0,4,5,3
1802,1,20,189650,60,7,8,4,0
1803,0,89,114858,53,0,10,1,2
1804,0,18,62151,18,0,8,2,3
1805,0,75,135159,12,2,7,6,2
1806,0,5,126263,55,8,6,3,2
1807,0,79,123064,41,0,10,4,2
1808,0,31,181773,40,5,8,1,0
1809,1,92,171794,65,0,6,5,0
1810,0,15,156339,27,6,6,2,0
1811,1,94,65483,84,8,10,7,3
1812,0,35,145654,22,4,6,3,2
1813,0,68,91609,43,3,8,1,3
1814,0,29,53002,73,7,5,5,1
1815,1,87,115699,61,5,9,1,2
1816,1,33,149609,44,4,9,2,0
1817,0,29,165254,7,4,9,7,0
1818,1,43,50418,49,5,5,1,1
1819,1,43,103531,90,0,10,5,3
1820,0,66,184060,98,0,10,5,0
1821,1,23,75961,70,4,5,7,3
1822,1,87,174163,28,0,4,2,0
1823,0,81,105255,54,4,8,3,2
1824,1,42,51860,4,7,4,5,1
1825,0,32,185218,83,5,4,6,0
1826,1,7,189709,18,0,6,6,0
1827,0,91,134665,66,0,7,2,2
1828,1,95,91352,9,1,7,3,3
1829,0,10,154623,21,0,6,6,0
1830,0,20,113767,88,0,6,2,2
1831,1,5,160469,61,7,8,1,0
1832,0,84,99418,27,0,4,2,3
1833,1,54,56215,34,5,10,4,1
1834,1,12,55639,63,5,8,1,1
1835,0,90,62504,99,0,10,4,3
1836,0,19,151382,38,7,1,1,0
1837,0,91,156574,96,8,0,7,0
1838,0,90,60998,35,3,1,7,1
1839,0,60,108509,36,1,0,2,2
1840,0,68,85540,49,6,9,1,3
1841,0,43,73915,47,0,11,2,3
1842,1,52,148901,77,5,4,4,0
1843,1,81,152602,91,3,0,1,0
1844,0,54,58999,22,3,7,3,1
1845,0,43,133740,37,0,5,4,2
1846,0,20,113217,41,7,9,1,2
1847,0,71,60209,46,0,1,3,1
1848,0,26,145491,72,3,9,5,2
1849,0,75,61393,65,1,7,5,1
1850,0,52,133252,55,0,1,1,2
1851,0,40,187234,14,1,0,5,0
1852,1,5,145563,60,3,9,6,2
1853,0,46,165810,38,5,3,5,0
1854,1,98,125181,30,0,0,7,2
1855,0,84,56809,96,5,1,2,1
1856,1,35,69419,68,5,9,1,3
1857,0,78,70689,54,0,1,4,3
1858,1,64,55011,53,0,1,7,1
1859,0,98,87955,79,2,0,2,3
1860,1,66,153660,24,5,0,5,0
1861,1,32,104494,28,5,6,4,2
1862,1,22,184443,44,4,3,7,0
1863,0,17,150778,35,3,1,7,0
1864,0,22,88729,81,2,1,1,3
1865,1,9,151902,18,0,0,2,0
1866,1,24,51604,4,0,0,2,1
1867,0,8,157316,75,0,9,3,0
1868,0,52,125508,15,0,1,6,2
1869,1,62,186157,54,5,1,1,0
1870,0,37,169381,45,3,0,4,0
1871,1,68,110195,47,6,9,2,2
1872,0,63,81199,80,3,1,2,3
1873,0,15,58459,67,4,0,6,1
1874,0,44,173682,89,0,12,6,0
1875,1,18,162983,16,3,0,6,0
1876,1,30,94480,1,4,0,4,3
1877,0,69,168710,80,1,1,4,0
1878,1,16,150193,83,2,2,2,0
1879,0,71,91823,74,0,1,4,3
1880,0,24,173091,24,3,6,2,0
1881,1,57,102692,94,5,0,2,3
1882,1,97,156812,77,5,0,6,0
1883,1,68,51468,48,0,0,3,1
1884,0,11,114071,37,5,0,2,2
1885,0,63,155638,81,6,1,4,0
1886,1,68,129971,61,0,8,3,2
1887,0,69,104160,77,2,4,4,3
1888,0,77,124995,66,5,0,1,2
1889,0,73,180437,50,3,1,5,0
1890,0,19,134644,96,4,1,2,2
1891,0,1,130089,67,0,0,5,2
1892,1,71,149318,27,0,4,1,0
1893,1,6,125591,79,5,8,6,2
1894,0,68,173047,17,5,0,3,0
1895,0,39,61298,91,0,0,5,1
1896,1,75,132993,55,3,8,2,2
1897,0,65,72313,36,7,1,5,3
1898,0,30,84885,9,3,6,5,3
1899,1,46,126228,95,8,8,2,2
1900,1,40,51199,29,4,7,7,1
1901,0,40,54631,70,0,0,6,1
1902,0,20,131810,16,5,5,7,2
1903,1,88,138482,59,8,8,4,2
1904,1,85,74081,87,5,4,3,3
1905,1,94,112426,54,2,9,6,2
1906,0,52,164038,53,6,5,4,0
1907,0,68,53552,97,8,7,6,1
1908,1,15,142147,78,0,8,4,2
1909,1,4,180324,41,0,9,2,0
1910,1,59,149067,78,1,9,7,0
1911,1,32,184408,38,3,6,7,0
1912,0,8,59116,45,0,10,6,1
1913,0,92,174786,94,4,4,3,0
1914,1,9,71076,2,0,8,1,3
1915,0,41,56837,4,5,8,4,1
1916,0,18,134752,47,2,6,5,2
1917,0,78,112887,80,3,9,6,2
1918,0,0,73128,74,0,7,5,3
1919,0,11,152765,17,5,8,1,0
1920,0,36,140637,19,4,8,7,2
1921,1,46,137973,50,5,7,7,2
1922,0,95,126791,34,0,6,4,2
1923,0,97,75125,89,4,8,3,3
1924,1,2,101718,11,4,8,3,3
1925,0,94,69654,30,6,4,4,3
1926,0,0,105935,46,1,4,5,2
1927,1,3,74607,69,5,6,1,3
1928,1,77,151985,29,5,4,7,0
1929,1,70,76892,64,4,5,2,3
1930,1,58,87602,25,4,5,3,3
1931,1,72,182317,46,5,8,6,0
1932,1,90,158280,92,4,6,7,0
1933,0,23,59905,79,6,7,5,1
1934,0,87,128153,42,0,7,6,2
1935,1,64,142612,58,1,4,6,2
1936,0,15,180163,9,1,10,7,0
1937,0,14,68009,17,0,9,3,3
1938,1,54,166183,65,0,7,6,0
1939,1,76,132537,44,1,5,3,2
1940,0,76,146308,49,0,5,1,2
1941,0,52,63454,38,0,5,5,3
1942,1,96,110519,6,0,9,4,2
1943,0,55,66728,50,5,10,5,3
1944,0,54,170638,64,0,4,5,0
1945,1,19,129635,100,0,6,4,2
1946,1,29,133587,74,8,5,3,2
1947,1,96,126225,47,2,7,4,2
1948,0,20,148776,21,0,8,5,0
1949,0,91,142602,64,7,7,6,2
1950,1,37,102413,38,5,5,5,3
1951,1,42,68765,69,3,4,1,3
1952,1,1,57522,75,0,10,5,1
1953,0,58,149237,80,3,8,6,0
1954,0,42,184844,24,3,6,1,0
1955,0,48,131656,45,7,9,6,2
1956,0,11,181026,39,8,6,2,0
1957,1,59,101698,87,0,9,3,3
1958,0,45,152560,32,3,9,2,0
1959,1,73,142502,97,1,5,1,2
1960,0,85,155432,21,2,4,6,0
1961,0,70,108544,49,3,4,5,2
1962,0,52,106530,46,2,7,2,2
1963,1,70,124359,51,6,7,7,2
1964,0,88,146970,90,0,7,6,2
1965,1,61,182176,96,0,9,5,0
1966,0,46,114435,34,0,8,3,2
1967,1,65,134213,32,6,8,4,2
1968,0,84,115580,73,3,8,5,2
1969,0,76,124034,88,4,10,2,2
1970,1,31,67894,42,1,9,1,3
1971,1,55,107099,89,4,4,6,2
1972,1,45,140263,88,3,10,5,2
1973,1,98,104249,12,2,5,2,2
1974,1,40,168821,36,4,4,5,0
1975,0,14,153145,59,5,8,6,0
1976,0,41,128960,43,4,9,4,2
1977,1,60,127438,82,2,7,2,2
1978,1,60,125968,100,7,8,2,2
1979,1,84,104589,85,0,10,2,2
1980,1,0,165321,93,1,8,1,0
1981,0,10,86925,76,0,7,2,3
1982,0,62,149797,19,0,5,6,0
1983,1,33,137094,68,7,4,1,2
1984,0,52,55395,41,8,10,1,1
1985,0,2,153622,51,7,6,6,0
1986,1,27,74050,44,3,8,1,3
1987,0,4,68094,61,1,4,7,3
1988,1,63,59244,80,0,7,1,1
1989,0,54,118944,77,0,4,4,2
1990,0,47,75293,55,1,6,7,3
1991,0,30,166983,69,0,7,3,0
1992,0,97,129444,96,3,5,6,2
1993,1,94,181183,24,8,9,3,0
1994,0,64,175254,100,0,9,5,0
1995,0,19,54121,89,2,6,3,1
1996,0,71,184387,40,0,8,7,0
1997,0,91,73158,32,1,7,7,3
1998,1,87,90961,14,5,9,2,3
1999,1,77,182109,4,4,7,2,0
2000,1,90,110610,52,3,5,2,2
